Entry ID,Contest Name,Contest ID,Entry Fee,PG,SG,SF,PF,C,G,F,UTIL,,Instructions
1375294759,NBA $12K Quarter Jukebox,68196406,$0.25,Shai Gilgeous-Alexander (11972194),Tyler Johnson (11972123),Marco Belinelli (11972139),Jonathan Isaac (11972171),Marcin Gortat (11972283),Evan Turner (11972053),Josh Okogie (11972017),Jayson Tatum (11971860),,1. Column A lists all of your contest entries for this draftgroup
1375304399,NBA $12K Quarter Jukebox,68196406,$0.25,Shai Gilgeous-Alexander (11972194),Tyler Johnson (11972123),Marco Belinelli (11972139),Jonathan Isaac (11972171),Marcin Gortat (11972283),Evan Turner (11972053),Josh Okogie (11972017),Jayson Tatum (11971860),,2. Your current lineup is listed next to each entry (blank for reservations)
1375304400,NBA $12K Quarter Jukebox,68196406,$0.25,Shai Gilgeous-Alexander (11972194),Tyler Johnson (11972123),Marco Belinelli (11972139),Jonathan Isaac (11972171),Marcin Gortat (11972283),Evan Turner (11972053),Josh Okogie (11972017),Jayson Tatum (11971860),,3. You can change the lineup for an entry by entering the IDs of the players in the row next to that entry
1375304401,NBA $12K Quarter Jukebox,68196406,$0.25,Shai Gilgeous-Alexander (11972194),Tyler Johnson (11972123),Marco Belinelli (11972139),Jonathan Isaac (11972171),Marcin Gortat (11972283),Evan Turner (11972053),Josh Okogie (11972017),Jayson Tatum (11971860),,4. Use data from the Name+ID column or the ID column; you cannot use just the player's name
1375304402,NBA $12K Quarter Jukebox,68196406,$0.25,Shai Gilgeous-Alexander (11972194),Tyler Johnson (11972123),Marco Belinelli (11972139),Jonathan Isaac (11972171),Marcin Gortat (11972283),Evan Turner (11972053),Josh Okogie (11972017),Jayson Tatum (11971860),,5. For faster processing only include entries you are changing in the file you upload
1375304403,NBA $12K Quarter Jukebox,68196406,$0.25,Shai Gilgeous-Alexander (11972194),Tyler Johnson (11972123),Marco Belinelli (11972139),Jonathan Isaac (11972171),Marcin Gortat (11972283),Evan Turner (11972053),Josh Okogie (11972017),Jayson Tatum (11971860),,
1375304404,NBA $12K Quarter Jukebox,68196406,$0.25,Shai Gilgeous-Alexander (11972194),Tyler Johnson (11972123),Marco Belinelli (11972139),Jonathan Isaac (11972171),Marcin Gortat (11972283),Evan Turner (11972053),Josh Okogie (11972017),Jayson Tatum (11971860),,Position,Name + ID,Name,ID,Roster Position,Salary,Game Info,TeamAbbrev,AvgPointsPerGame
1375304405,NBA $12K Quarter Jukebox,68196406,$0.25,Shai Gilgeous-Alexander (11972194),Tyler Johnson (11972123),Marco Belinelli (11972139),Jonathan Isaac (11972171),Marcin Gortat (11972283),Evan Turner (11972053),Josh Okogie (11972017),Jayson Tatum (11971860),,PF/C,Anthony Davis (11971756),Anthony Davis,11971756,PF/C/F/UTIL,11700,NO@POR 01/18/2019 10:30PM ET,NO,62.24
1375304406,NBA $12K Quarter Jukebox,68196406,$0.25,Shai Gilgeous-Alexander (11972194),Tyler Johnson (11972123),Marco Belinelli (11972139),Jonathan Isaac (11972171),Marcin Gortat (11972283),Evan Turner (11972053),Josh Okogie (11972017),Jayson Tatum (11971860),,SF/PF,Kevin Durant (11971760),Kevin Durant,11971760,SF/PF/F/UTIL,10100,GS@LAC 01/18/2019 10:30PM ET,GS,50.27
,,,,,,,,,,,,,PG/SG,Stephen Curry (11971764),Stephen Curry,11971764,PG/SG/G/UTIL,10000,GS@LAC 01/18/2019 10:30PM ET,GS,48.92
,,,,,,,,,,,,,C,Karl-Anthony Towns (11971768),Karl-Anthony Towns,11971768,C/UTIL,9700,SA@MIN 01/18/2019 08:00PM ET,MIN,48.16
,,,,,,,,,,,,,C,Nikola Vucevic (11971770),Nikola Vucevic,11971770,C/UTIL,9400,BKN@ORL 01/18/2019 07:00PM ET,ORL,45.56
,,,,,,,,,,,,,PG,Kyrie Irving (11971772),Kyrie Irving,11971772,PG/G/UTIL,9000,MEM@BOS 01/18/2019 07:00PM ET,BOS,43.31
,,,,,,,,,,,,,PG/SG,Donovan Mitchell (11971775),Donovan Mitchell,11971775,PG/SG/G/UTIL,8900,CLE@UTA 01/18/2019 09:00PM ET,UTA,35.39
,,,,,,,,,,,,,C,Rudy Gobert (11971779),Rudy Gobert,11971779,C/UTIL,8800,CLE@UTA 01/18/2019 09:00PM ET,UTA,40.74
,,,,,,,,,,,,,PF/C,Blake Griffin (11971781),Blake Griffin,11971781,PF/C/F/UTIL,8700,MIA@DET 01/18/2019 07:00PM ET,DET,45.96
,,,,,,,,,,,,,PG,Damian Lillard (11971785),Damian Lillard,11971785,PG/G/UTIL,8600,NO@POR 01/18/2019 10:30PM ET,POR,44.06
,,,,,,,,,,,,,C,Andre Drummond (11971788),Andre Drummond,11971788,C/UTIL,8400,MIA@DET 01/18/2019 07:00PM ET,DET,44.02
,,,,,,,,,,,,,C,Jusuf Nurkic (11971790),Jusuf Nurkic,11971790,C/UTIL,8200,NO@POR 01/18/2019 10:30PM ET,POR,37.33
,,,,,,,,,,,,,PF/C,Kevin Love (11971796),Kevin Love,11971796,PF/C/F/UTIL,8100,CLE@UTA 01/18/2019 09:00PM ET,CLE,42.88
,,,,,,,,,,,,,PG/SG,Jrue Holiday (11971792),Jrue Holiday,11971792,PG/SG/G/UTIL,8000,NO@POR 01/18/2019 10:30PM ET,NO,43.52
,,,,,,,,,,,,,SG/SF,DeMar DeRozan (11971800),DeMar DeRozan,11971800,SG/SF/F/G/UTIL,7800,SA@MIN 01/18/2019 08:00PM ET,SA,41.10
,,,,,,,,,,,,,PF/C,LaMarcus Aldridge (11971805),LaMarcus Aldridge,11971805,PF/C/F/UTIL,7600,SA@MIN 01/18/2019 08:00PM ET,SA,37.78
,,,,,,,,,,,,,PF/C,Julius Randle (11971809),Julius Randle,11971809,PF/C/F/UTIL,7500,NO@POR 01/18/2019 10:30PM ET,NO,38.06
,,,,,,,,,,,,,PG/SG,D'Angelo Russell (11971813),D'Angelo Russell,11971813,PG/SG/G/UTIL,7300,BKN@ORL 01/18/2019 07:00PM ET,BKN,35.46
,,,,,,,,,,,,,PF/C,Montrezl Harrell (11971817),Montrezl Harrell,11971817,PF/C/F/UTIL,7200,GS@LAC 01/18/2019 10:30PM ET,LAC,31.61
,,,,,,,,,,,,,SF/PF,Tobias Harris (11971821),Tobias Harris,11971821,SF/PF/F/UTIL,7100,GS@LAC 01/18/2019 10:30PM ET,LAC,36.86
,,,,,,,,,,,,,PG,Mike Conley (11971825),Mike Conley,11971825,PG/G/UTIL,7000,MEM@BOS 01/18/2019 07:00PM ET,MEM,37.06
,,,,,,,,,,,,,PF/C,Draymond Green (11971828),Draymond Green,11971828,PF/C/F/UTIL,6900,GS@LAC 01/18/2019 10:30PM ET,GS,32.10
,,,,,,,,,,,,,C,Marc Gasol (11971832),Marc Gasol,11971832,C/UTIL,6800,MEM@BOS 01/18/2019 07:00PM ET,MEM,38.01
,,,,,,,,,,,,,PG/SF,Justise Winslow (11971834),Justise Winslow,11971834,PG/SF/F/G/UTIL,6800,MIA@DET 01/18/2019 07:00PM ET,MIA,27.72
,,,,,,,,,,,,,SF/PF,Danilo Gallinari (11971839),Danilo Gallinari,11971839,SF/PF/F/UTIL,6700,GS@LAC 01/18/2019 10:30PM ET,LAC,33.41
,,,,,,,,,,,,,PG/SG,Lou Williams (11971843),Lou Williams,11971843,PG/SG/G/UTIL,6700,GS@LAC 01/18/2019 10:30PM ET,LAC,30.52
,,,,,,,,,,,,,SG,Klay Thompson (11971847),Klay Thompson,11971847,SG/G/UTIL,6600,GS@LAC 01/18/2019 10:30PM ET,GS,34.44
,,,,,,,,,,,,,C,Hassan Whiteside (11971850),Hassan Whiteside,11971850,C/UTIL,6500,MIA@DET 01/18/2019 07:00PM ET,MIA,35.60
,,,,,,,,,,,,,SF/PF,Aaron Gordon (11971852),Aaron Gordon,11971852,SF/PF/F/UTIL,6400,BKN@ORL 01/18/2019 07:00PM ET,ORL,33.32
,,,,,,,,,,,,,PG,Elfrid Payton (11971917),Elfrid Payton,11971917,PG/G/UTIL,6400,NO@POR 01/18/2019 10:30PM ET,NO,26.5
,,,,,,,,,,,,,PG/SG,CJ McCollum (11971856),CJ McCollum,11971856,PG/SG/G/UTIL,6300,NO@POR 01/18/2019 10:30PM ET,POR,31.64
,,,,,,,,,,,,,SF/PF,Jayson Tatum (11971860),Jayson Tatum,11971860,SF/PF/F/UTIL,6200,MEM@BOS 01/18/2019 07:00PM ET,BOS,30.99
,,,,,,,,,,,,,C,Jarrett Allen (11971864),Jarrett Allen,11971864,C/UTIL,6100,BKN@ORL 01/18/2019 07:00PM ET,BKN,29.14
,,,,,,,,,,,,,SF/PF,Robert Covington (11971866),Robert Covington,11971866,SF/PF/F/UTIL,6000,SA@MIN 01/18/2019 08:00PM ET,MIN,29.69
,,,,,,,,,,,,,SG/SF,Andrew Wiggins (11971870),Andrew Wiggins,11971870,SG/SF/F/G/UTIL,6000,SA@MIN 01/18/2019 08:00PM ET,MIN,29.76
,,,,,,,,,,,,,PF/C,Al Horford (11971883),Al Horford,11971883,PF/C/F/UTIL,6000,MEM@BOS 01/18/2019 07:00PM ET,BOS,29.57
,,,,,,,,,,,,,PG,Jeff Teague (11971887),Jeff Teague,11971887,PG/G/UTIL,5900,SA@MIN 01/18/2019 08:00PM ET,MIN,29.62
,,,,,,,,,,,,,PG/SG,Derrick Rose (11971904),Derrick Rose,11971904,PG/SG/G/UTIL,5900,SA@MIN 01/18/2019 08:00PM ET,MIN,31.44
,,,,,,,,,,,,,PF/C,Nikola Mirotic (11971875),Nikola Mirotic,11971875,PF/C/F/UTIL,5900,NO@POR 01/18/2019 10:30PM ET,NO,33.19
,,,,,,,,,,,,,SG/SF,Josh Richardson (11971890),Josh Richardson,11971890,SG/SF/F/G/UTIL,5900,MIA@DET 01/18/2019 07:00PM ET,MIA,32.13
,,,,,,,,,,,,,PG/SG,Caris LeVert (11971895),Caris LeVert,11971895,PG/SG/G/UTIL,5800,BKN@ORL 01/18/2019 07:00PM ET,BKN,32.04
,,,,,,,,,,,,,PF/C,Larry Nance Jr. (11971879),Larry Nance Jr.,11971879,PF/C/F/UTIL,5800,CLE@UTA 01/18/2019 09:00PM ET,CLE,27.03
,,,,,,,,,,,,,SG/SF,Joe Ingles (11971899),Joe Ingles,11971899,SG/SF/F/G/UTIL,5800,CLE@UTA 01/18/2019 09:00PM ET,UTA,27.24
,,,,,,,,,,,,,C,Tristan Thompson (11971908),Tristan Thompson,11971908,C/UTIL,5800,CLE@UTA 01/18/2019 09:00PM ET,CLE,31.14
,,,,,,,,,,,,,PG/SG,Spencer Dinwiddie (11971910),Spencer Dinwiddie,11971910,PG/SG/G/UTIL,5700,BKN@ORL 01/18/2019 07:00PM ET,BKN,29.29
,,,,,,,,,,,,,PG,Ricky Rubio (11971914),Ricky Rubio,11971914,PG/G/UTIL,5700,CLE@UTA 01/18/2019 09:00PM ET,UTA,28.92
,,,,,,,,,,,,,PG/SG,Derrick White (11971924),Derrick White,11971924,PG/SG/G/UTIL,5600,SA@MIN 01/18/2019 08:00PM ET,SA,20.27
,,,,,,,,,,,,,PF/C,Jaren Jackson Jr. (11971920),Jaren Jackson Jr.,11971920,PF/C/F/UTIL,5600,MEM@BOS 01/18/2019 07:00PM ET,MEM,25.54
,,,,,,,,,,,,,PF/C,DeMarcus Cousins (11971936),DeMarcus Cousins,11971936,PF/C/F/UTIL,5500,GS@LAC 01/18/2019 10:30PM ET,GS,0
,,,,,,,,,,,,,SG/SF,Evan Fournier (11971928),Evan Fournier,11971928,SG/SF/F/G/UTIL,5500,BKN@ORL 01/18/2019 07:00PM ET,ORL,25.99
,,,,,,,,,,,,,PG,Goran Dragic (11971933),Goran Dragic,11971933,PG/G/UTIL,5500,MIA@DET 01/18/2019 07:00PM ET,MIA,28.05
,,,,,,,,,,,,,SG/SF,Terrence Ross (11971940),Terrence Ross,11971940,SG/SF/F/G/UTIL,5400,BKN@ORL 01/18/2019 07:00PM ET,ORL,23.17
,,,,,,,,,,,,,SF/PF,Gordon Hayward (11971945),Gordon Hayward,11971945,SF/PF/F/UTIL,5400,MEM@BOS 01/18/2019 07:00PM ET,BOS,24.62
,,,,,,,,,,,,,SF/PF,Al-Farouq Aminu (11971957),Al-Farouq Aminu,11971957,SF/PF/F/UTIL,5300,NO@POR 01/18/2019 10:30PM ET,POR,24.59
,,,,,,,,,,,,,SF/PF,JaMychal Green (11971949),JaMychal Green,11971949,SF/PF/F/UTIL,5300,MEM@BOS 01/18/2019 07:00PM ET,MEM,23.74
,,,,,,,,,,,,,PF/C,Derrick Favors (11971953),Derrick Favors,11971953,PF/C/F/UTIL,5300,CLE@UTA 01/18/2019 09:00PM ET,UTA,25.42
,,,,,,,,,,,,,PG/SG,Jordan Clarkson (11971961),Jordan Clarkson,11971961,PG/SG/G/UTIL,5300,CLE@UTA 01/18/2019 09:00PM ET,CLE,26.43
,,,,,,,,,,,,,SF/PF,Rudy Gay (11971965),Rudy Gay,11971965,SF/PF/F/UTIL,5200,SA@MIN 01/18/2019 08:00PM ET,SA,28.18
,,,,,,,,,,,,,SF/PF,Marcus Morris (11971969),Marcus Morris,11971969,SF/PF/F/UTIL,5200,MEM@BOS 01/18/2019 07:00PM ET,BOS,26.95
,,,,,,,,,,,,,SF/PF,DeMarre Carroll (11971973),DeMarre Carroll,11971973,SF/PF/F/UTIL,5100,BKN@ORL 01/18/2019 07:00PM ET,BKN,20.21
,,,,,,,,,,,,,PG/SF,Kyle Anderson (11971981),Kyle Anderson,11971981,PG/SF/F/G/UTIL,5000,MEM@BOS 01/18/2019 07:00PM ET,MEM,23.63
,,,,,,,,,,,,,PG/SG,Reggie Jackson (11971977),Reggie Jackson,11971977,PG/SG/G/UTIL,5000,MIA@DET 01/18/2019 07:00PM ET,DET,25.95
,,,,,,,,,,,,,SG/SF,Joe Harris (11971986),Joe Harris,11971986,SG/SF/F/G/UTIL,4900,BKN@ORL 01/18/2019 07:00PM ET,BKN,23.66
,,,,,,,,,,,,,PG,D.J. Augustin (11971991),D.J. Augustin,11971991,PG/G/UTIL,4800,BKN@ORL 01/18/2019 07:00PM ET,ORL,22.47
,,,,,,,,,,,,,PG/SG,Alec Burks (11971998),Alec Burks,11971998,PG/SG/G/UTIL,4800,CLE@UTA 01/18/2019 09:00PM ET,CLE,20.40
,,,,,,,,,,,,,PG/SG,Dwyane Wade (11971994),Dwyane Wade,11971994,PG/SG/G/UTIL,4800,MIA@DET 01/18/2019 07:00PM ET,MIA,25.97
,,,,,,,,,,,,,SF/PF,Jae Crowder (11972002),Jae Crowder,11972002,SF/PF/F/UTIL,4700,CLE@UTA 01/18/2019 09:00PM ET,UTA,23.26
,,,,,,,,,,,,,PF/C,Bam Adebayo (11972006),Bam Adebayo,11972006,PF/C/F/UTIL,4700,MIA@DET 01/18/2019 07:00PM ET,MIA,22.34
,,,,,,,,,,,,,PF/C,Taj Gibson (11972010),Taj Gibson,11972010,PF/C/F/UTIL,4600,SA@MIN 01/18/2019 08:00PM ET,MIN,23.49
,,,,,,,,,,,,,SG/SF,Josh Okogie (11972017),Josh Okogie,11972017,SG/SF/F/G/UTIL,4500,SA@MIN 01/18/2019 08:00PM ET,MIN,14.99
,,,,,,,,,,,,,PG,Collin Sexton (11972014),Collin Sexton,11972014,PG/G/UTIL,4500,CLE@UTA 01/18/2019 09:00PM ET,CLE,22.87
,,,,,,,,,,,,,PG/SG,Bryn Forbes (11972027),Bryn Forbes,11972027,PG/SG/G/UTIL,4400,SA@MIN 01/18/2019 08:00PM ET,SA,21.14
,,,,,,,,,,,,,PG/SG,Marcus Smart (11972031),Marcus Smart,11972031,PG/SG/G/UTIL,4400,MEM@BOS 01/18/2019 07:00PM ET,BOS,21.48
,,,,,,,,,,,,,SF/PF,Cedi Osman (11972035),Cedi Osman,11972035,SF/PF/F/UTIL,4400,CLE@UTA 01/18/2019 09:00PM ET,CLE,22.43
,,,,,,,,,,,,,SG/SF,Reggie Bullock (11972022),Reggie Bullock,11972022,SG/SF/F/G/UTIL,4400,MIA@DET 01/18/2019 07:00PM ET,DET,20.99
,,,,,,,,,,,,,SF/PF,Rodions Kurucs (11972039),Rodions Kurucs,11972039,SF/PF/F/UTIL,4300,BKN@ORL 01/18/2019 07:00PM ET,BKN,16.91
,,,,,,,,,,,,,SG/SF,Evan Turner (11972053),Evan Turner,11972053,SG/SF/F/G/UTIL,4300,NO@POR 01/18/2019 10:30PM ET,POR,20.72
,,,,,,,,,,,,,SG/SF,Jaylen Brown (11972061),Jaylen Brown,11972061,SG/SF/F/G/UTIL,4300,MEM@BOS 01/18/2019 07:00PM ET,BOS,22.15
,,,,,,,,,,,,,SG/SF,Kyle Korver (11972043),Kyle Korver,11972043,SG/SF/F/G/UTIL,4300,CLE@UTA 01/18/2019 09:00PM ET,UTA,14.2
,,,,,,,,,,,,,SG/SF,Rodney Hood (11972048),Rodney Hood,11972048,SG/SF/F/G/UTIL,4300,CLE@UTA 01/18/2019 09:00PM ET,CLE,21.24
,,,,,,,,,,,,,SF,Royce O'Neale (11972058),Royce O'Neale,11972058,SF/F/UTIL,4300,CLE@UTA 01/18/2019 09:00PM ET,UTA,11.70
,,,,,,,,,,,,,PF,Dario Saric (11972074),Dario Saric,11972074,PF/F/UTIL,4200,SA@MIN 01/18/2019 08:00PM ET,MIN,21.44
,,,,,,,,,,,,,PF/C,Rondae Hollis-Jefferson (11972070),Rondae Hollis-Jefferson,11972070,PF/C/F/UTIL,4200,BKN@ORL 01/18/2019 07:00PM ET,BKN,21.87
,,,,,,,,,,,,,SF/PF,Derrick Jones Jr. (11972066),Derrick Jones Jr.,11972066,SF/PF/F/UTIL,4200,MIA@DET 01/18/2019 07:00PM ET,MIA,16.91
,,,,,,,,,,,,,SF/PF,Davis Bertans (11972077),Davis Bertans,11972077,SF/PF/F/UTIL,4100,SA@MIN 01/18/2019 08:00PM ET,SA,16.18
,,,,,,,,,,,,,PG/SG,Shabazz Napier (11972081),Shabazz Napier,11972081,PG/SG/G/UTIL,4100,BKN@ORL 01/18/2019 07:00PM ET,BKN,16.61
,,,,,,,,,,,,,PF/C,Kevon Looney (11972102),Kevon Looney,11972102,PF/C/F/UTIL,4000,GS@LAC 01/18/2019 10:30PM ET,GS,19.08
,,,,,,,,,,,,,SG/SF,Allen Crabbe (11972085),Allen Crabbe,11972085,SG/SF/F/G/UTIL,4000,BKN@ORL 01/18/2019 07:00PM ET,BKN,17.78
,,,,,,,,,,,,,SF/PF,Moe Harkless (11972093),Moe Harkless,11972093,SF/PF/F/UTIL,4000,NO@POR 01/18/2019 10:30PM ET,POR,15.84
,,,,,,,,,,,,,SG/SF,E'Twaun Moore (11972097),E'Twaun Moore,11972097,SG/SF/F/G/UTIL,4000,NO@POR 01/18/2019 10:30PM ET,NO,21.07
,,,,,,,,,,,,,PG/SG,Terry Rozier (11972106),Terry Rozier,11972106,PG/SG/G/UTIL,4000,MEM@BOS 01/18/2019 07:00PM ET,BOS,20.14
,,,,,,,,,,,,,PG,Raul Neto (11972090),Raul Neto,11972090,PG/G/UTIL,4000,CLE@UTA 01/18/2019 09:00PM ET,UTA,10.46
,,,,,,,,,,,,,SG/SF,Andre Iguodala (11972114),Andre Iguodala,11972114,SG/SF/F/G/UTIL,3900,GS@LAC 01/18/2019 10:30PM ET,GS,17.97
,,,,,,,,,,,,,PG/SG,Patrick Beverley (11972119),Patrick Beverley,11972119,PG/SG/G/UTIL,3900,GS@LAC 01/18/2019 10:30PM ET,LAC,18.66
,,,,,,,,,,,,,PG/SG,Patty Mills (11972110),Patty Mills,11972110,PG/SG/G/UTIL,3900,SA@MIN 01/18/2019 08:00PM ET,SA,18.73
,,,,,,,,,,,,,PG,Tyus Jones (11972127),Tyus Jones,11972127,PG/G/UTIL,3900,SA@MIN 01/18/2019 08:00PM ET,MIN,16.13
,,,,,,,,,,,,,PG/SG,Tyler Johnson (11972123),Tyler Johnson,11972123,PG/SG/G/UTIL,3900,MIA@DET 01/18/2019 07:00PM ET,MIA,21.26
,,,,,,,,,,,,,SG/SF,Marco Belinelli (11972139),Marco Belinelli,11972139,SG/SF/F/G/UTIL,3800,SA@MIN 01/18/2019 08:00PM ET,SA,17.94
,,,,,,,,,,,,,SG/SF,Justin Holiday (11972130),Justin Holiday,11972130,SG/SF/F/G/UTIL,3800,MEM@BOS 01/18/2019 07:00PM ET,MEM,23.60
,,,,,,,,,,,,,PG/SG,Shelvin Mack (11972144),Shelvin Mack,11972144,PG/SG/G/UTIL,3800,MEM@BOS 01/18/2019 07:00PM ET,MEM,17.10
,,,,,,,,,,,,,PG/SG,Dante Exum (11972135),Dante Exum,11972135,PG/SG/G/UTIL,3800,CLE@UTA 01/18/2019 09:00PM ET,UTA,14.24
,,,,,,,,,,,,,PF/C,James Johnson (11972148),James Johnson,11972148,PF/C/F/UTIL,3800,MIA@DET 01/18/2019 07:00PM ET,MIA,17.18
,,,,,,,,,,,,,SF/PF,Jonathan Isaac (11972171),Jonathan Isaac,11972171,SF/PF/F/UTIL,3700,BKN@ORL 01/18/2019 07:00PM ET,ORL,18.57
,,,,,,,,,,,,,SF/PF,Omri Casspi (11972152),Omri Casspi,11972152,SF/PF/F/UTIL,3700,MEM@BOS 01/18/2019 07:00PM ET,MEM,11.91
,,,,,,,,,,,,,SG/SF,Garrett Temple (11972160),Garrett Temple,11972160,SG/SF/F/G/UTIL,3700,MEM@BOS 01/18/2019 07:00PM ET,MEM,18.86
,,,,,,,,,,,,,C,Ante Zizic (11972165),Ante Zizic,11972165,C/UTIL,3700,CLE@UTA 01/18/2019 09:00PM ET,CLE,11.23
,,,,,,,,,,,,,PG/SG,Bruce Brown Jr. (11972156),Bruce Brown Jr.,11972156,PG/SG/G/UTIL,3700,MIA@DET 01/18/2019 07:00PM ET,DET,12.65
,,,,,,,,,,,,,PF/C,Kelly Olynyk (11972167),Kelly Olynyk,11972167,PF/C/F/UTIL,3700,MIA@DET 01/18/2019 07:00PM ET,MIA,19.46
,,,,,,,,,,,,,SG,Avery Bradley (11972191),Avery Bradley,11972191,SG/G/UTIL,3600,GS@LAC 01/18/2019 10:30PM ET,LAC,15.14
,,,,,,,,,,,,,PG/SG,Shai Gilgeous-Alexander (11972194),Shai Gilgeous-Alexander,11972194,PG/SG/G/UTIL,3600,GS@LAC 01/18/2019 10:30PM ET,LAC,19.81
,,,,,,,,,,,,,SF/PF,Treveon Graham (11972178),Treveon Graham,11972178,SF/PF/F/UTIL,3600,BKN@ORL 01/18/2019 07:00PM ET,BKN,10.22
,,,,,,,,,,,,,SF/PF,Jake Layman (11972187),Jake Layman,11972187,SF/PF/F/UTIL,3600,NO@POR 01/18/2019 10:30PM ET,POR,11.83
,,,,,,,,,,,,,PG,Ish Smith (11972175),Ish Smith,11972175,PG/G/UTIL,3600,MIA@DET 01/18/2019 07:00PM ET,DET,17.34
,,,,,,,,,,,,,SG/SF,Luke Kennard (11972182),Luke Kennard,11972182,SG/SF/F/G/UTIL,3600,MIA@DET 01/18/2019 07:00PM ET,DET,14.25
,,,,,,,,,,,,,C,Mohamed Bamba (11972208),Mohamed Bamba,11972208,C/UTIL,3500,BKN@ORL 01/18/2019 07:00PM ET,ORL,17.06
,,,,,,,,,,,,,C,Ed Davis (11972210),Ed Davis,11972210,C/UTIL,3500,BKN@ORL 01/18/2019 07:00PM ET,BKN,18.78
,,,,,,,,,,,,,PG/SG,Jevon Carter (11972202),Jevon Carter,11972202,PG/SG/G/UTIL,3500,MEM@BOS 01/18/2019 07:00PM ET,MEM,10.48
,,,,,,,,,,,,,C,Aron Baynes (11972206),Aron Baynes,11972206,C/UTIL,3500,MEM@BOS 01/18/2019 07:00PM ET,BOS,13.84
,,,,,,,,,,,,,PG/SG,Cameron Payne (11972212),Cameron Payne,11972212,PG/SG/G/UTIL,3500,CLE@UTA 01/18/2019 09:00PM ET,CLE,13.84
,,,,,,,,,,,,,PG/SG,Langston Galloway (11972198),Langston Galloway,11972198,PG/SG/G/UTIL,3500,MIA@DET 01/18/2019 07:00PM ET,DET,14.89
,,,,,,,,,,,,,SG/SF,Dion Waiters (11972216),Dion Waiters,11972216,SG/SF/F/G/UTIL,3500,MIA@DET 01/18/2019 07:00PM ET,MIA,13.9
,,,,,,,,,,,,,C,Jakob Poeltl (11972229),Jakob Poeltl,11972229,C/UTIL,3400,SA@MIN 01/18/2019 08:00PM ET,SA,15.29
,,,,,,,,,,,,,PG/SG,Isaiah Briscoe (11972221),Isaiah Briscoe,11972221,PG/SG/G/UTIL,3400,BKN@ORL 01/18/2019 07:00PM ET,ORL,5.90
,,,,,,,,,,,,,SF/PF,Darius Miller (11972235),Darius Miller,11972235,SF/PF/F/UTIL,3400,NO@POR 01/18/2019 10:30PM ET,NO,13.88
,,,,,,,,,,,,,PF/C,Meyers Leonard (11972239),Meyers Leonard,11972239,PF/C/F/UTIL,3400,NO@POR 01/18/2019 10:30PM ET,POR,13.88
,,,,,,,,,,,,,PF/C,Daniel Theis (11972243),Daniel Theis,11972243,PF/C/F/UTIL,3400,MEM@BOS 01/18/2019 07:00PM ET,BOS,15.68
,,,,,,,,,,,,,C,Joakim Noah (11972247),Joakim Noah,11972247,C/UTIL,3400,MEM@BOS 01/18/2019 07:00PM ET,MEM,11.32
,,,,,,,,,,,,,PG/SG,Matthew Dellavedova (11972225),Matthew Dellavedova,11972225,PG/SG/G/UTIL,3400,CLE@UTA 01/18/2019 09:00PM ET,CLE,12.34
,,,,,,,,,,,,,SF/PF,Stanley Johnson (11972231),Stanley Johnson,11972231,SF/PF/F/UTIL,3400,MIA@DET 01/18/2019 07:00PM ET,DET,16.72
,,,,,,,,,,,,,PF/C,Jonas Jerebko (11972271),Jonas Jerebko,11972271,PF/C/F/UTIL,3300,GS@LAC 01/18/2019 10:30PM ET,GS,17.18
,,,,,,,,,,,,,SF/PF,Alfonzo McKinnie (11972279),Alfonzo McKinnie,11972279,SF/PF/F/UTIL,3300,GS@LAC 01/18/2019 10:30PM ET,GS,11.74
,,,,,,,,,,,,,C,Marcin Gortat (11972283),Marcin Gortat,11972283,C/UTIL,3300,GS@LAC 01/18/2019 10:30PM ET,LAC,15.75
,,,,,,,,,,,,,PF/C,Khem Birch (11972262),Khem Birch,11972262,PF/C/F/UTIL,3300,BKN@ORL 01/18/2019 07:00PM ET,ORL,7.98
,,,,,,,,,,,,,SG/SF,Wes Iwundu (11972266),Wes Iwundu,11972266,SG/SF/F/G/UTIL,3300,BKN@ORL 01/18/2019 07:00PM ET,ORL,9.58
,,,,,,,,,,,,,PG/SG,Seth Curry (11972253),Seth Curry,11972253,PG/SG/G/UTIL,3300,NO@POR 01/18/2019 10:30PM ET,POR,10.14
,,,,,,,,,,,,,PF/C,Zach Collins (11972287),Zach Collins,11972287,PF/C/F/UTIL,3300,NO@POR 01/18/2019 10:30PM ET,POR,16.05
,,,,,,,,,,,,,SF/PF,Jaron Blossomgame (11972249),Jaron Blossomgame,11972249,SF/PF/F/UTIL,3300,CLE@UTA 01/18/2019 09:00PM ET,CLE,11.38
,,,,,,,,,,,,,PG/SG,Grayson Allen (11972275),Grayson Allen,11972275,PG/SG/G/UTIL,3300,CLE@UTA 01/18/2019 09:00PM ET,UTA,6.62
,,,,,,,,,,,,,SG/SF,Rodney McGruder (11972257),Rodney McGruder,11972257,SG/SF/F/G/UTIL,3300,MIA@DET 01/18/2019 07:00PM ET,MIA,19.82
,,,,,,,,,,,,,C,Zaza Pachulia (11972285),Zaza Pachulia,11972285,C/UTIL,3300,MIA@DET 01/18/2019 07:00PM ET,DET,13.66
,,,,,,,,,,,,,PG,Quinn Cook (11972295),Quinn Cook,11972295,PG/G/UTIL,3200,GS@LAC 01/18/2019 10:30PM ET,GS,15.03
,,,,,,,,,,,,,PF/C,Gorgui Dieng (11972291),Gorgui Dieng,11972291,PF/C/F/UTIL,3200,SA@MIN 01/18/2019 08:00PM ET,MIN,13.94
,,,,,,,,,,,,,SF/PF,Anthony Tolliver (11972314),Anthony Tolliver,11972314,SF/PF/F/UTIL,3200,SA@MIN 01/18/2019 08:00PM ET,MIN,10.35
,,,,,,,,,,,,,PG/SG,Tim Frazier (11972302),Tim Frazier,11972302,PG/SG/G/UTIL,3200,NO@POR 01/18/2019 10:30PM ET,NO,15.52
,,,,,,,,,,,,,PG/SG,Frank Jackson (11972306),Frank Jackson,11972306,PG/SG/G/UTIL,3200,NO@POR 01/18/2019 10:30PM ET,NO,7.68
,,,,,,,,,,,,,PG/SG,Brad Wanamaker (11972310),Brad Wanamaker,11972310,PG/SG/G/UTIL,3200,MEM@BOS 01/18/2019 07:00PM ET,BOS,7.71
,,,,,,,,,,,,,SF/PF,Thabo Sefolosha (11972298),Thabo Sefolosha,11972298,SF/PF/F/UTIL,3200,CLE@UTA 01/18/2019 09:00PM ET,UTA,8.99
,,,,,,,,,,,,,C,Boban Marjanovic (11972318),Boban Marjanovic,11972318,C/UTIL,3100,GS@LAC 01/18/2019 10:30PM ET,LAC,14.52
,,,,,,,,,,,,,PF/C,Jordan Bell (11972320),Jordan Bell,11972320,PF/C/F/UTIL,3100,GS@LAC 01/18/2019 10:30PM ET,GS,9.87
,,,,,,,,,,,,,PG,Shaun Livingston (11972354),Shaun Livingston,11972354,PG/G/UTIL,3100,GS@LAC 01/18/2019 10:30PM ET,GS,11.79
,,,,,,,,,,,,,PG/SG,Tyrone Wallace (11972357),Tyrone Wallace,11972357,PG/SG/G/UTIL,3100,GS@LAC 01/18/2019 10:30PM ET,LAC,8.94
,,,,,,,,,,,,,C,Pau Gasol (11972324),Pau Gasol,11972324,C/UTIL,3100,SA@MIN 01/18/2019 08:00PM ET,SA,16.70
,,,,,,,,,,,,,PG,Jerian Grant (11972326),Jerian Grant,11972326,PG/G/UTIL,3100,BKN@ORL 01/18/2019 07:00PM ET,ORL,12.21
,,,,,,,,,,,,,C,Alan Williams (11972361),Alan Williams,11972361,C/UTIL,3100,BKN@ORL 01/18/2019 07:00PM ET,BKN,20.5
,,,,,,,,,,,,,PF/C,Kenneth Faried (11972363),Kenneth Faried,11972363,PF/C/F/UTIL,3100,BKN@ORL 01/18/2019 07:00PM ET,BKN,10.96
,,,,,,,,,,,,,SG/SF,Jonathon Simmons (11972376),Jonathon Simmons,11972376,SG/SF/F/G/UTIL,3100,BKN@ORL 01/18/2019 07:00PM ET,ORL,14.36
,,,,,,,,,,,,,SG/SF,Nik Stauskas (11972329),Nik Stauskas,11972329,SG/SF/F/G/UTIL,3100,NO@POR 01/18/2019 10:30PM ET,POR,11.58
,,,,,,,,,,,,,SG/SF,Kenrich Williams (11972334),Kenrich Williams,11972334,SG/SF/F/G/UTIL,3100,NO@POR 01/18/2019 10:30PM ET,NO,2.73
,,,,,,,,,,,,,C,Jahlil Okafor (11972374),Jahlil Okafor,11972374,C/UTIL,3100,NO@POR 01/18/2019 10:30PM ET,NO,9.48
,,,,,,,,,,,,,PF/C,Robert Williams (11972339),Robert Williams,11972339,PF/C/F/UTIL,3100,MEM@BOS 01/18/2019 07:00PM ET,BOS,10.46
,,,,,,,,,,,,,PF/C,Ivan Rabb (11972381),Ivan Rabb,11972381,PF/C/F/UTIL,3100,MEM@BOS 01/18/2019 07:00PM ET,MEM,6.64
,,,,,,,,,,,,,PF/C,Channing Frye (11972343),Channing Frye,11972343,PF/C/F/UTIL,3100,CLE@UTA 01/18/2019 09:00PM ET,CLE,7.11
,,,,,,,,,,,,,SF,Jalen Jones (11972367),Jalen Jones,11972367,SF/F/UTIL,3100,CLE@UTA 01/18/2019 09:00PM ET,CLE,9.81
,,,,,,,,,,,,,PG/SG,Wayne Ellington (11972347),Wayne Ellington,11972347,PG/SG/G/UTIL,3100,MIA@DET 01/18/2019 07:00PM ET,MIA,15.95
,,,,,,,,,,,,,PG,Jose Calderon (11972351),Jose Calderon,11972351,PG/G/UTIL,3100,MIA@DET 01/18/2019 07:00PM ET,DET,9.42
,,,,,,,,,,,,,PF/C,Jon Leuer (11972370),Jon Leuer,11972370,PF/C/F/UTIL,3100,MIA@DET 01/18/2019 07:00PM ET,DET,9.06
,,,,,,,,,,,,,PG,Milos Teodosic (11972385),Milos Teodosic,11972385,PG/G/UTIL,3000,GS@LAC 01/18/2019 10:30PM ET,LAC,7.9
,,,,,,,,,,,,,PF/C,Johnathan Motley (11972388),Johnathan Motley,11972388,PF/C/F/UTIL,3000,GS@LAC 01/18/2019 10:30PM ET,LAC,6.44
,,,,,,,,,,,,,SG/SF,Sindarius Thornwell (11972392),Sindarius Thornwell,11972392,SG/SF/F/G/UTIL,3000,GS@LAC 01/18/2019 10:30PM ET,LAC,3.49
,,,,,,,,,,,,,C,Angel Delgado (11972397),Angel Delgado,11972397,C/UTIL,3000,GS@LAC 01/18/2019 10:30PM ET,LAC,0
,,,,,,,,,,,,,SF/PF,Luc Richard Mbah a Moute (11972399),Luc Richard Mbah a Moute,11972399,SF/PF/F/UTIL,3000,GS@LAC 01/18/2019 10:30PM ET,LAC,8.94
,,,,,,,,,,,,,SG,Jerome Robinson (11972403),Jerome Robinson,11972403,SG/G/UTIL,3000,GS@LAC 01/18/2019 10:30PM ET,LAC,4.32
,,,,,,,,,,,,,SG/SF,Jacob Evans III (11972406),Jacob Evans III,11972406,SG/SF/F/G/UTIL,3000,GS@LAC 01/18/2019 10:30PM ET,GS,2.26
,,,,,,,,,,,,,SF,Marcus Derrickson (11972411),Marcus Derrickson,11972411,SF/F/UTIL,3000,GS@LAC 01/18/2019 10:30PM ET,GS,3.92
,,,,,,,,,,,,,C,Damian Jones (11972414),Damian Jones,11972414,C/UTIL,3000,GS@LAC 01/18/2019 10:30PM ET,GS,13.82
,,,,,,,,,,,,,SG/SF,Damion Lee (11972416),Damion Lee,11972416,SG/SF/F/G/UTIL,3000,GS@LAC 01/18/2019 10:30PM ET,GS,8.58
,,,,,,,,,,,,,SF/PF,Mike Scott (11972618),Mike Scott,11972618,SF/PF/F/UTIL,3000,GS@LAC 01/18/2019 10:30PM ET,LAC,11.14
,,,,,,,,,,,,,SF/PF,Dante Cunningham (11972421),Dante Cunningham,11972421,SF/PF/F/UTIL,3000,SA@MIN 01/18/2019 08:00PM ET,SA,11.89
,,,,,,,,,,,,,PF/C,Drew Eubanks (11972425),Drew Eubanks,11972425,PF/C/F/UTIL,3000,SA@MIN 01/18/2019 08:00PM ET,SA,4.09
,,,,,,,,,,,,,PF/C,Chimezie Metu (11972429),Chimezie Metu,11972429,PF/C/F/UTIL,3000,SA@MIN 01/18/2019 08:00PM ET,SA,5.67
,,,,,,,,,,,,,PG,Dejounte Murray (11972433),Dejounte Murray,11972433,PG/G/UTIL,3000,SA@MIN 01/18/2019 08:00PM ET,SA,0
,,,,,,,,,,,,,PG/SG,Lonnie Walker IV (11972436),Lonnie Walker IV,11972436,PG/SG/G/UTIL,3000,SA@MIN 01/18/2019 08:00PM ET,SA,4.75
,,,,,,,,,,,,,SF,Quincy Pondexter (11972440),Quincy Pondexter,11972440,SF/F/UTIL,3000,SA@MIN 01/18/2019 08:00PM ET,SA,5.07
,,,,,,,,,,,,,PF,Ben Moore (11972443),Ben Moore,11972443,PF/F/UTIL,3000,SA@MIN 01/18/2019 08:00PM ET,SA,0
,,,,,,,,,,,,,SG/SF,C.J. Williams (11972446),C.J. Williams,11972446,SG/SF/F/G/UTIL,3000,SA@MIN 01/18/2019 08:00PM ET,MIN,3.5
,,,,,,,,,,,,,SF,Keita Bates-Diop (11972451),Keita Bates-Diop,11972451,SF/F/UTIL,3000,SA@MIN 01/18/2019 08:00PM ET,MIN,3.5
,,,,,,,,,,,,,PG,Jared Terrell (11972454),Jared Terrell,11972454,PG/G/UTIL,3000,SA@MIN 01/18/2019 08:00PM ET,MIN,4.83
,,,,,,,,,,,,,PG/SG,Jerryd Bayless (11972457),Jerryd Bayless,11972457,PG/SG/G/UTIL,3000,SA@MIN 01/18/2019 08:00PM ET,MIN,5.68
,,,,,,,,,,,,,SF/PF,Luol Deng (11972610),Luol Deng,11972610,SF/PF/F/UTIL,3000,SA@MIN 01/18/2019 08:00PM ET,MIN,9.12
,,,,,,,,,,,,,SG/SF,Melvin Frazier (11972461),Melvin Frazier,11972461,SG/SF/F/G/UTIL,3000,BKN@ORL 01/18/2019 07:00PM ET,ORL,0.92
,,,,,,,,,,,,,C,Timofey Mozgov (11972466),Timofey Mozgov,11972466,C/UTIL,3000,BKN@ORL 01/18/2019 07:00PM ET,ORL,0
,,,,,,,,,,,,,SG,Troy Caupain (11972468),Troy Caupain,11972468,SG/G/UTIL,3000,BKN@ORL 01/18/2019 07:00PM ET,ORL,7.25
,,,,,,,,,,,,,PF/C,Amile Jefferson (11972471),Amile Jefferson,11972471,PF/C/F/UTIL,3000,BKN@ORL 01/18/2019 07:00PM ET,ORL,3.25
,,,,,,,,,,,,,PF/C,Jarell Martin (11972475),Jarell Martin,11972475,PF/C/F/UTIL,3000,BKN@ORL 01/18/2019 07:00PM ET,ORL,5.43
,,,,,,,,,,,,,SG/SF,Dzanan Musa (11972479),Dzanan Musa,11972479,SG/SF/F/G/UTIL,3000,BKN@ORL 01/18/2019 07:00PM ET,BKN,2.82
,,,,,,,,,,,,,SG/SF,Theo Pinson (11972622),Theo Pinson,11972622,SG/SF/F/G/UTIL,3000,BKN@ORL 01/18/2019 07:00PM ET,BKN,7.14
,,,,,,,,,,,,,SF/PF,Jared Dudley (11972627),Jared Dudley,11972627,SF/PF/F/UTIL,3000,BKN@ORL 01/18/2019 07:00PM ET,BKN,12.69
,,,,,,,,,,,,,PG/SG,Wade Baldwin IV (11972484),Wade Baldwin IV,11972484,PG/SG/G/UTIL,3000,NO@POR 01/18/2019 10:30PM ET,POR,3.98
,,,,,,,,,,,,,PF/C,Caleb Swanigan (11972488),Caleb Swanigan,11972488,PF/C/F/UTIL,3000,NO@POR 01/18/2019 10:30PM ET,POR,6.66
,,,,,,,,,,,,,PG/SG,Anfernee Simons (11972492),Anfernee Simons,11972492,PG/SG/G/UTIL,3000,NO@POR 01/18/2019 10:30PM ET,POR,2.97
,,,,,,,,,,,,,SG,Gary Trent Jr. (11972496),Gary Trent Jr.,11972496,SG/G/UTIL,3000,NO@POR 01/18/2019 10:30PM ET,POR,3.92
,,,,,,,,,,,,,PG/SG,Ian Clark (11972499),Ian Clark,11972499,PG/SG/G/UTIL,3000,NO@POR 01/18/2019 10:30PM ET,NO,7.96
,,,,,,,,,,,,,SG/SF,Trevon Bluiett (11972503),Trevon Bluiett,11972503,SG/SF/F/G/UTIL,3000,NO@POR 01/18/2019 10:30PM ET,NO,0
,,,,,,,,,,,,,PF/C,Cheick Diallo (11972508),Cheick Diallo,11972508,PF/C/F/UTIL,3000,NO@POR 01/18/2019 10:30PM ET,NO,9.55
,,,,,,,,,,,,,SG/SF,Wesley Johnson (11972512),Wesley Johnson,11972512,SG/SF/F/G/UTIL,3000,NO@POR 01/18/2019 10:30PM ET,NO,9.12
,,,,,,,,,,,,,SF/PF,Solomon Hill (11972631),Solomon Hill,11972631,SF/PF/F/UTIL,3000,NO@POR 01/18/2019 10:30PM ET,NO,11.36
,,,,,,,,,,,,,SF/PF,Yuta Watanabe (11972517),Yuta Watanabe,11972517,SF/PF/F/UTIL,3000,MEM@BOS 01/18/2019 07:00PM ET,MEM,4.38
,,,,,,,,,,,,,SF/PF,Chandler Parsons (11972521),Chandler Parsons,11972521,SF/PF/F/UTIL,3000,MEM@BOS 01/18/2019 07:00PM ET,MEM,9.83
,,,,,,,,,,,,,SG/SF,Dillon Brooks (11972525),Dillon Brooks,11972525,SG/SF/F/G/UTIL,3000,MEM@BOS 01/18/2019 07:00PM ET,MEM,12.43
,,,,,,,,,,,,,SG/SF,Julian Washburn (11972530),Julian Washburn,11972530,SG/SF/F/G/UTIL,3000,MEM@BOS 01/18/2019 07:00PM ET,MEM,0
,,,,,,,,,,,,,PF/C,Guerschon Yabusele (11972535),Guerschon Yabusele,11972535,PF/C/F/UTIL,3000,MEM@BOS 01/18/2019 07:00PM ET,BOS,5
,,,,,,,,,,,,,PG/SG,PJ Dozier (11972539),PJ Dozier,11972539,PG/SG/G/UTIL,3000,MEM@BOS 01/18/2019 07:00PM ET,BOS,4.17
,,,,,,,,,,,,,SG,R.J. Hunter (11972543),R.J. Hunter,11972543,SG/G/UTIL,3000,MEM@BOS 01/18/2019 07:00PM ET,BOS,0
,,,,,,,,,,,,,SG/SF,Jabari Bird (11972546),Jabari Bird,11972546,SG/SF/F/G/UTIL,3000,MEM@BOS 01/18/2019 07:00PM ET,BOS,0
,,,,,,,,,,,,,SF/PF,Semi Ojeleye (11972551),Semi Ojeleye,11972551,SF/PF/F/UTIL,3000,MEM@BOS 01/18/2019 07:00PM ET,BOS,6.91
,,,,,,,,,,,,,C,Tony Bradley (11972555),Tony Bradley,11972555,C/UTIL,3000,CLE@UTA 01/18/2019 09:00PM ET,UTA,3.25
,,,,,,,,,,,,,C,Ekpe Udoh (11972557),Ekpe Udoh,11972557,C/UTIL,3000,CLE@UTA 01/18/2019 09:00PM ET,UTA,5.25
,,,,,,,,,,,,,PF,Tyler Cavanaugh (11972559),Tyler Cavanaugh,11972559,PF/F/UTIL,3000,CLE@UTA 01/18/2019 09:00PM ET,UTA,0.83
,,,,,,,,,,,,,PG/SG,Nazareth Mitrou-Long (11972562),Nazareth Mitrou-Long,11972562,PG/SG/G/UTIL,3000,CLE@UTA 01/18/2019 09:00PM ET,UTA,1.1
,,,,,,,,,,,,,SG/SF,J.R. Smith (11972566),J.R. Smith,11972566,SG/SF/F/G/UTIL,3000,CLE@UTA 01/18/2019 09:00PM ET,CLE,14.23
,,,,,,,,,,,,,C,John Henson (11972571),John Henson,11972571,C/UTIL,3000,CLE@UTA 01/18/2019 09:00PM ET,CLE,16.02
,,,,,,,,,,,,,SG/SF,David Nwaba (11972573),David Nwaba,11972573,SG/SF/F/G/UTIL,3000,CLE@UTA 01/18/2019 09:00PM ET,CLE,12.38
,,,,,,,,,,,,,SF/PF,Deng Adel (11972578),Deng Adel,11972578,SF/PF/F/UTIL,3000,CLE@UTA 01/18/2019 09:00PM ET,CLE,0
,,,,,,,,,,,,,SF/PF,Georges Niang (11972614),Georges Niang,11972614,SF/PF/F/UTIL,3000,CLE@UTA 01/18/2019 09:00PM ET,UTA,5.85
,,,,,,,,,,,,,PF,Udonis Haslem (11972582),Udonis Haslem,11972582,PF/F/UTIL,3000,MIA@DET 01/18/2019 07:00PM ET,MIA,3.08
,,,,,,,,,,,,,SG/SF,Duncan Robinson (11972585),Duncan Robinson,11972585,SG/SF/F/G/UTIL,3000,MIA@DET 01/18/2019 07:00PM ET,MIA,3.81
,,,,,,,,,,,,,PF,Yante Maten (11972590),Yante Maten,11972590,PF/F/UTIL,3000,MIA@DET 01/18/2019 07:00PM ET,MIA,0
,,,,,,,,,,,,,SG,Khyri Thomas (11972593),Khyri Thomas,11972593,SG/G/UTIL,3000,MIA@DET 01/18/2019 07:00PM ET,DET,6.12
,,,,,,,,,,,,,PF/C,Henry Ellenson (11972596),Henry Ellenson,11972596,PF/C/F/UTIL,3000,MIA@DET 01/18/2019 07:00PM ET,DET,12.88
,,,,,,,,,,,,,PG,Keenan Evans (11972600),Keenan Evans,11972600,PG/G/UTIL,3000,MIA@DET 01/18/2019 07:00PM ET,DET,0
,,,,,,,,,,,,,SF/PF,Glenn Robinson III (11972603),Glenn Robinson III,11972603,SF/PF/F/UTIL,3000,MIA@DET 01/18/2019 07:00PM ET,DET,7.82
,,,,,,,,,,,,,PG,Zach Lofton (11972607),Zach Lofton,11972607,PG/G/UTIL,3000,MIA@DET 01/18/2019 07:00PM ET,DET,1.5
,,,,,,,,,,,,,PG,Kalin Lucas (11972635),Kalin Lucas,11972635,PG/G/UTIL,3000,MIA@DET 01/18/2019 07:00PM ET,DET,0
,,,,,,,,,,,,,PG,Isaiah Whitehead (11972638),Isaiah Whitehead,11972638,PG/G/UTIL,3000,MIA@DET 01/18/2019 07:00PM ET,DET,0
